{
  "financials": {
    "Cloudsense": {
      "bu": "Cloudsense",
      "totalRR": 6370100.838226027,
      "totalNRR": 1703661.58,
      "totalRevenue": 8073762.418226027,
      "hcCogs": 619263.186369424,
      "nhcCogs": 1208184.9346575344,
      "cfCogs": 232973.01410223043,
      "totalCogs": 2060421.1351291887,
      "grossProfit": 6013341.283096839,
      "grossMargin": 74.48003757854067,
      "hcExpenses": 120984.95311139355,
      "nhcExpenses": 324300.2,
      "revenueWriteOff": 40368.81209113014,
      "cfExpenses": 302750.0,
      "coreAllocation": 444056.93300243147,
      "totalExpenses": 1232460.898204955,
      "netProfit": 4780880.3848918835,
      "netMargin": 59.21502438688729,
      "marginTarget": 63.56999999999999,
      "deltaToMargin": -351610.38437440153,
      "ebitda": 4780880.3848918835,
      "customerCount": 68
    },
    "Kandy": {
      "bu": "Kandy",
      "totalRR": 3322466.067630137,
      "totalNRR": 0.0,
      "totalRevenue": 3322466.067630137,
      "hcCogs": 93552.0,
      "nhcCogs": 497613.43789,
      "cfCogs": 42735.0,
      "totalCogs": 633900.43789,
      "grossProfit": 2688565.6297401367,
      "grossMargin": 80.9207851942894,
      "hcExpenses": 93002.36079690853,
      "nhcExpenses": 39733.205,
      "revenueWriteOff": 16612.330338150685,
      "cfExpenses": 255050.0,
      "coreAllocation": 182735.63371965752,
      "totalExpenses": 587133.5298547167,
      "netProfit": 2101432.09988542,
      "netMargin": 63.249166646398244,
      "marginTarget": 75.0,
      "deltaToMargin": -390417.4508371828,
      "ebitda": 2101432.09988542,
      "customerCount": 27
    },
    "STL": {
      "bu": "STL",
      "totalRR": 804031.7910958903,
      "totalNRR": 143000.0,
      "totalRevenue": 947031.7910958903,
      "hcCogs": 51979.0060951117,
      "nhcCogs": 57537.25,
      "cfCogs": 49667.25,
      "totalCogs": 159183.5060951117,
      "grossProfit": 787848.2850007786,
      "grossMargin": 83.19132392473256,
      "hcExpenses": 15270.676401552197,
      "nhcExpenses": 132717.0,
      "revenueWriteOff": 4735.158955479452,
      "cfExpenses": 3600.0,
      "coreAllocation": 52086.74851027397,
      "totalExpenses": 208409.5838673056,
      "netProfit": 579438.7011334731,
      "netMargin": 61.18471487244961,
      "marginTarget": 75.00000000000001,
      "deltaToMargin": -130835.14218844473,
      "ebitda": 579438.7011334731,
      "customerCount": 21
    },
    "Skyvera": {
      "bu": "Skyvera",
      "totalRR": 12594360.549123287,
      "totalNRR": 2121237.58,
      "totalRevenue": 14715598.129123287,
      "hcCogs": 908344.7,
      "nhcCogs": 1802811.0775475344,
      "cfCogs": 417621.76410223043,
      "totalCogs": 3128777.541649765,
      "grossProfit": 11586820.587473523,
      "grossMargin": 78.73835970379162,
      "hcExpenses": 269100.0,
      "nhcExpenses": 498750.405,
      "revenueWriteOff": 73577.99064561643,
      "cfExpenses": 740175.0,
      "coreAllocation": 809357.8971017807,
      "totalExpenses": 2390961.2927473974,
      "netProfit": 9195859.294726126,
      "netMargin": 62.49055739383655,
      "marginTarget": 68.72889204838448,
      "deltaToMargin": -918008.2577131055,
      "ebitda": 9195859.294726126,
      "customerCount": 116
    }
  }
}
